"block_height","block_hash"
779832,"000000000000000000015712838394aeb93f5d45d0e5bec197382c08b375016e"
779833,"00000000000000000004313fd041d5fe0c0e7ef2eccddb9e6b8194070bd24282"
779834,"000000000000000000058c6955485f343afdd05540b8d42f7562de5faf2e9a1f"
779835,"000000000000000000022d2e42352853aa9b663f0a51a662988686edf352214e"
779836,"00000000000000000003e96c4a9a131bf4e2bbba0e6dbde8d189e0dea4353cb9"
779837,"00000000000000000005b9825f84c31f3293e05e85a033d946b8bb5601129416"
779838,"000000000000000000050b2f27318a8531f8a6d7653dcc164ea086e58b4544bc"
779839,"00000000000000000003b8dc45450290a79434b20f95e6e8da645e47db169612"
779840,"000000000000000000019dbf45ae475b4a56466a028f73f01a3c000bb8c7ed5b"
779841,"00000000000000000004e255e4fff3b82df6febe1f3751c11b7b1f9c77bb23bb"
779842,"00000000000000000004702afb6a1dbb10187f91bedb87250979b1ba755b2a83"
779843,"00000000000000000002a225c52199940343645770813ec7e391c6b2a525b1f7"
779844,"0000000000000000000112d421089ddc653ca49fbccf291d555f56e06eccd806"
779845,"0000000000000000000167c17d08655bf22d644b7909121c51f082620b974b36"
779846,"00000000000000000005d46e638181a8ea2dc5def5c4ea1a1a51647b9aa6fbbe"
779847,"00000000000000000001d869a3fb03f738f512080058142fe6e87e828679aeb4"
779848,"00000000000000000003c150e1725d1592e9aab2a0e8e91376512031e714459e"
779849,"000000000000000000041b4a5a6e3ec76259a19b6096adcec7838865d1d2a92c"
779850,"00000000000000000003893ce85659ec77e8e78840501a0961c7ed170cf25edb"
779851,"000000000000000000044fbb2289de55b3e7577b91f8de57e1de86ea1662fee8"
779852,"000000000000000000037a89b82d7a82a4fa9552dec932b45fc2905f14742070"
779853,"000000000000000000008d102fd7538ce9882129095a0f3d1572e72166aa088e"
779854,"000000000000000000026b39b8a8d3d4b197233f89c22124dd7c95228d243c1e"
779855,"00000000000000000005c95c09a927921f17e1085e1e16d0be22e1fcbf5ee3e4"
779856,"000000000000000000028b6ea4fdbac4972f5d2ebb117a7c2b09607d3e3892da"
779857,"0000000000000000000598c174f5bbb5a56b52c130c926323e7b39219b5bce61"
779858,"000000000000000000051f262937fc681b94016bdb01a36fc3e23214043648ea"
779859,"00000000000000000001747a2959b2d0f885bc282aa4fc9c7233934f6bfca81f"
779860,"000000000000000000005d3cc09cef69607c89842c8d8f1dd870f997513f8d36"
779861,"000000000000000000042a451020fee6c0801f11f59d8199608c08c17bcac14e"
779862,"000000000000000000010b9097ab2a81583f6bc859baac772797317df2ad9534"
779863,"0000000000000000000349988b29459141ec03fccda1031f56d0f1206d387783"
779864,"000000000000000000054b8cb163e48ecf7d24c79ccb34c98f3eb5afed8951dc"
779865,"0000000000000000000369fb5588c325bd7796f61a67c0413fad47b649de5802"
779866,"00000000000000000000392552604500dabb76cd1f126704446452267f3e3e5b"
779867,"00000000000000000003a6923dd3ef1dd67bd21e088ef68ed25959741171f57c"
779868,"0000000000000000000196fe6cc66115e662a47e3008e3eb641d0777c64e7cee"
779869,"00000000000000000002e733f39d3cc65d808da31cd754aa6180d1e47ac79645"
779870,"00000000000000000002a9105fc09ce37b7f468485a0b032d4dbca8714677ce8"
779871,"00000000000000000000b08d86e713feaed52d886d7b7ce7744826e8e17f5a6e"
779872,"000000000000000000008746e3fa57683954012a4bf0dded5a787603af27637e"
779873,"0000000000000000000593bb0ba6addc2d5643b7da3c2219c52b3028940b90d9"
779874,"000000000000000000010654ddf4daeeb73359ace953a0840f268df71b5bfa36"
779875,"0000000000000000000349547d8059b4a88adddc7b43dba0890d8131c9916418"
779876,"00000000000000000002f37382a118f0413d24e8bc735f0d7fdec0350704855b"
779877,"00000000000000000000fe442a22780b6bbd7fdf9b7098cfeeae733dd4b2ae4d"
779878,"00000000000000000003fc162f117ef616f3db54f18c9ab9e25dc44f75a9ee69"
779879,"0000000000000000000361813b9cc947a0940d4c701c6dfb7cc2d2b11f9c6808"
779880,"0000000000000000000316995f36e28a5a73078a6779c6808aa06fcccc2c9467"
779881,"0000000000000000000218ac8b10dd39c68593006ab58c061706151bdcc067b2"
779882,"0000000000000000000278ec59c3bd1c95b4aa2e9e1d43d80c98e4c5de9bb16e"
779883,"0000000000000000000227f9e09cd70cfe5aa2b0ed2a4ec2ef9b440136539aa1"
779884,"00000000000000000003bd3884fbc3f88f26854567f828d61e549885f256b791"
779885,"000000000000000000056d826fe8b3e5973f03368408e118725b10554e9419be"
779886,"00000000000000000003bd5a5c3d8891520a07372684018a8901e129fedbd102"
779887,"00000000000000000002b6c6827d6f5b8416edacfabca6e94fe195776d590e38"
779888,"000000000000000000047cb9d1b0e128b3447c11e197dd78547e328111e8439e"
779889,"00000000000000000001c16bb5c5d106647c94e9b059bf656a5a353da48c2640"
779890,"00000000000000000003dc0c57549f43f8c2f6304302b072b2a212cfda55a0ec"
779891,"0000000000000000000187e92a62c24d4c693970c9bdb5df040932c4f95541e8"
779892,"00000000000000000000e7150ebb1717bb7541fc98d810481f60af4a596cb788"
779893,"00000000000000000005dedc6bad1c07039ded3d1c352579b7c41c50a3333717"
779894,"00000000000000000000d2b87c57ce1c8a7776b072c9c2b94a68b0b21a5f6e94"
779895,"00000000000000000004f2641919f7ebaf9fe45c4077d15564ee7b9d494ba996"
779896,"000000000000000000002a9b63eb6a22fac0aeb897961e2fc235d0fd83368b6c"
779897,"00000000000000000001fee75a41ef9b5801be10272c41e7e7e4ded248d96a4a"
779898,"000000000000000000066afc6d63842b520700806c6419a270438a604d60ec30"
779899,"00000000000000000001b0f154e94d75d805aff4aef5583024b7c07f7baf666d"
779900,"00000000000000000003932d39e7000d72efa5c9131b1cac6cfcaa4185574b49"
779901,"0000000000000000000511ca243e800e5a7cca818212eaa8bcb1fa915cf9f40f"
779902,"00000000000000000004156fbb7eb0daff1acf7560e4f014f1ba332e65506e94"
779903,"0000000000000000000328e1d6f9c1d34c71fa8b4e9444dfab4eddb0a3b52570"
779904,"000000000000000000032145dfa932352c5723db4f134fc30b9efe36202ae389"
779905,"00000000000000000004db837fe3bb247153b0d854b01015b8cb9685e423a4ba"
779906,"000000000000000000001f11c0d8b91340574af283bcd1017702fa5146cb6ef5"
779907,"0000000000000000000076a048749317f5e2c3841d32e6b10ef03792b503f07b"
779908,"0000000000000000000254f267aedc2c1f57aacbaaa3653411ae2e23f32d3802"
779909,"000000000000000000054f8fbec33c9c8d179cd9616eccc0596117eeff7614ec"
779910,"000000000000000000031f6f28045c2665c2b109afae8b14e7a1934ebb95c317"
779911,"000000000000000000061725686418cbd796a312f94f52db3381deeff0e53481"
779912,"00000000000000000005cad43907317272df198ea0dd16aa5e828cef23d4273e"
779913,"0000000000000000000620b47d29cbf7697c961a31df6de437e9581e24eb2887"
779914,"00000000000000000001104cdb02742c1c64dee34aae0051de02f22339e901f4"
779915,"000000000000000000004bce78956a0e39519d81ee4bd7cbb8c83019e30e300e"
779916,"000000000000000000046bb1772887259a6f67f00a34a1dd33d1513aec3bc66e"
779917,"000000000000000000049113aeb486fe5a7dc5b2b0c5f0f752186b16be3faf1e"
779918,"00000000000000000005eecc3e67eb39952a9a690f4aa8fffd916bf9d09843c1"
779919,"00000000000000000005585d905d37bc690c52cd60d6bc6b8c352052fea5140a"
779920,"00000000000000000005a0835369c218e82593a08ff5c440737c2ba64e423dcf"
779921,"000000000000000000036fabb143aeca26a527eb21906ee2d9609a4e7a1329b4"
779922,"00000000000000000002a6d9baf6d8a28291091ca034f647568ff986281a6a61"
779923,"000000000000000000051e8ce4b56c4e877fced8dd38d86b363856449e6364ed"
779924,"00000000000000000004d03fa53577371cc2a564a86b16608f4374f39e8126fc"
779925,"000000000000000000027fb9abafca96c000fd3833be41c6c162e83b4ec67965"
779926,"000000000000000000014b21c5f7d9d871c71fa9761a883f6ea23232a83934e3"
779927,"0000000000000000000424e31d6aa3ede2a88a9b343a66757335c545482d5c6c"
779928,"0000000000000000000209182db7a7a0fa39dd13b61a10aa54be1fbc81679167"
779929,"0000000000000000000289a962e185b1801d13d70104d82f1231a880884a1d51"
779930,"0000000000000000000670701c34dde75a9408a9a1ff86c89554b9007326965a"
779931,"0000000000000000000049c5351a1676b4cce5b1113b5afbf2ef981cc79880e7"
779932,"000000000000000000019b4bf9a2fd2119d4a370ef095fb5cf6234a6fbd7f402"
779933,"0000000000000000000266bbd04059e8edc08819a221cd4d72a0a4589db074ab"
779934,"00000000000000000000b9d0edd356acfcb61d1b54e72c2a236da6311aa69744"
779935,"0000000000000000000392085d3623dfeab0e0de3686bb9d7123fe6d4461422d"
779936,"00000000000000000005642372a919d4b4626f071060bfbcf625b418d3920107"
779937,"00000000000000000002299ce305c1776290883bfac91288f4cf24e3f82b867e"
779938,"00000000000000000002d398b90ecfdda02ab7f343ae9d21cedecad7fc4f9ddc"
779939,"0000000000000000000494400329cb412143d6c74798e02950c4ef5be69b9207"
779940,"00000000000000000001df9c0dfa3c35e237f2f352431a1c1e874c351cd07200"
779941,"00000000000000000005a2ff77359be7f9368e4b3c30194ff8f9f5576514a5cc"
779942,"0000000000000000000559ecc1682b7fcb9feed5d7bd2dc97c2497204981d559"
779943,"000000000000000000001372e43bab1d142770248d6a28d2a2d343e01d239510"
779944,"00000000000000000001ce646d5088a46d3010f6f1a877f4bbf28d2f6cb99dfc"
779945,"00000000000000000005392c0d7c17242bfdf70e183b53343ea013fe0861aec9"
779946,"000000000000000000030c5d9a6b45fb16941ce020ad2491c7e8b6218bbba5f6"
779947,"00000000000000000002cde7f2cde4317e287ad55c43493a8b21d8dda31ecb7c"
779948,"000000000000000000024111e3212adc0e682b4c57aa0fbf8883f8562fc66ee1"
779949,"000000000000000000004a4b3cf825c7f2a536b51df6f0a9d466b815e83b3270"
779950,"000000000000000000002b0ea5e09b8974e7bb7fb04607e2c3fe47ee95263a9f"
779951,"0000000000000000000157f4b07bf9bc6ef29e4d2a5d9e5919c7d23f1e55ca09"
779952,"00000000000000000002d075334e5957e80dc549cd3221cb6ef3685585ed430f"
779953,"00000000000000000000d7fbca3491d41c56688aa1f1c965dfa066f12369bc9a"
779954,"00000000000000000002d618b516c71ef59a5ce4b558e8130b4b7157fb01df1c"
779955,"000000000000000000026f5954de2d4b2070335a0eea6dc7b6afdb0ca9506ae3"
779956,"000000000000000000030b95e06c17dea42778519cede12bdd54782de6431e94"
779957,"00000000000000000003cca8e6756cfa64aaead9aba1074b9f1c8cfdc4c4d144"
779958,"000000000000000000044412bc2ff4eb883d5cd4935a17e3e3049498a5e0ce78"
779959,"00000000000000000001407fdb1dfd5c527429c1c8b8430f891fb0823f6d674c"
779960,"00000000000000000003a337a676b0101f3f7ef7dcbc01debb69f85c6da04dcf"
779961,"000000000000000000061f937e680f6d5cfc7f70fa3eeadb1d2fa582ebe8e11d"
779962,"00000000000000000002d79e5b25f274237e7e489f6c2cd819692bd71dbff8c6"
779963,"00000000000000000002dc95072f3562dc95ab0aba74da42a47ba3b2e606b004"
779964,"000000000000000000058a86fb6dedd44bfa3577bcee453b1eb86f3a5728df7e"
779965,"000000000000000000059e004c148a76c54f7982beec9e19fc24dbca222d9662"
779966,"000000000000000000042155aa91ea7d123e375eb33d37a3aeb8e80a4f26327c"
779967,"0000000000000000000173585ca071b9becb18446a4aac3c397c7c41da6290a1"
779968,"000000000000000000032256e6e8169e456795dc22e8286eee39c69582367fef"
779969,"00000000000000000005d1d1a42113bd2f4b1ca4374893b3b56d4d824a58ab61"
779970,"00000000000000000001b172127977ce18a4c56e632c254aca43ccde4639ff4b"
779971,"00000000000000000001aaba055ce6b558659e241d39407b17452c9ea1eefd34"
779972,"000000000000000000016c0ae6753040a11489d77df50df1b832494c26dad408"
779973,"00000000000000000005a067395bae31d8c7618db5c8088d7e6bef4d7ed87dfa"
779974,"00000000000000000005bba8a5b029061c5699af888d01dc3302cec924034fd9"
779975,"00000000000000000001c901a03474557b3ee2e4f40e031bac494b71e935ab78"
779976,"0000000000000000000230efe81f829e9606c863784c2f22ada30187e238c7c6"
779977,"00000000000000000005adafcca75d38cee381a198119dd148691bae7be73720"
779978,"00000000000000000000adee5fdb21a2c00532b637f24f1914412101246846e4"
779979,"0000000000000000000327967cbb57f0b2c20f6fd2f60f4c8f09971c9cb32511"
779980,"00000000000000000000042a00712513848a07507ba9e745587b84d1470c6826"
779981,"00000000000000000000e69e35f14f9828cc7f782afe452e1dbf41f7d2ca97f2"
779982,"0000000000000000000400126a93393acdcae0c3fcb3dbeae968278aefdb27dd"
779983,"000000000000000000054da9ad0b5a1bf883b5811b8717c95bf616edd71966a6"
779984,"0000000000000000000002e6402e69b93c56886e3ae026d47cb3998f2815f6c2"
779985,"000000000000000000036571068e20d66ea6fa77d7ab01d344d330d341c6dd4b"
779986,"00000000000000000002a3b80e00c93693ae8698ff7596ce7b401625ad53927b"
779987,"0000000000000000000381ad1c2fd00b4fddf5e1592492eaf246592ed966c31a"
779988,"000000000000000000062a3a9828d41f4c335bafddd298a600e40bf9f9f95edb"
779989,"00000000000000000005a60472df453f00570718d5f665ba694f484d37ddde08"
779990,"00000000000000000000592048a203f2b797b8e0d9dbdb55672fa5e1a5167522"
779991,"00000000000000000005edc767443995787edc06b6aab569b918e458641fc003"
779992,"00000000000000000003caa779147d7e8764ef313b3c56893170b2abefc15d5a"
779993,"0000000000000000000604f630c970adbb00d0f8a256facc3b4833fe57ea6500"
779994,"00000000000000000002e341432d91c38626daa663d26a1010e3aab04d6aa94c"
779995,"00000000000000000003084bb25f8a94ab9652412805bfc2816256f64cbf25b9"
779996,"00000000000000000003a5116f45224fbe5599c6e05f66c0b722c52cff9ee2c2"
779997,"0000000000000000000279ed614e245de632f2c9ea7198de6657ac830f9cb1e2"
779998,"00000000000000000002142b699053b88f19bfed3b0f8601b427dacdb022568d"
779999,"000000000000000000063a840d1ae5a1090da46e1ae749bf668ba9f7b2a30efe"
780000,"00000000000000000000b0e5e00e6cd256aa03b58f01454ebe2f2c63c750a421"
780001,"0000000000000000000143a5f6d19427ec9d2f2b124a2f81c831f3ce36b18e7f"
780002,"000000000000000000063a73e7f5fff01ef9d9dbf36d1c9afba030aab9ad0a84"
780003,"000000000000000000013f43ec730c237c79e86502328c1507cf3ee915db713c"
780004,"00000000000000000005f98730fbf9fd99f91a38e3612a951fd6d85b6219bb02"
780005,"00000000000000000004edaafb82993e9d727bb9bbba1fb9c48dfc4f9bd86f17"
780006,"00000000000000000001cbfbc37fe0ec9849095f7a93cf0495f51d8fbd79593e"
780007,"00000000000000000002d3cd1eaeb0806d98db5ef34d3cc3418976f15c211ebe"
780008,"000000000000000000023a50a8a972c68e90e8987328ab11513e0ea02696bc83"
780009,"00000000000000000004b16b8aa3a5f115731a275bc2478e9d7284adc89c4e0c"
780010,"00000000000000000005a7e99b09aa60665401259af116b2378bc5db814afc87"
780011,"000000000000000000040729d60211835d2bf2555dcb24fdb274f1bff86acdbe"
780012,"00000000000000000005eb8bf740ffef9753bc6dcd34c4e5315d17af0d31b414"
780013,"0000000000000000000207e1a036f21027c744f4d8e9a5f4bec527720d6c7670"
780014,"00000000000000000001bfe4dd58669ed35e6ff2d13ca355a778fe2f5b955cbb"
780015,"000000000000000000041534308351ecbea6ffdf5d317bc067d2159cb5af26a7"
780016,"0000000000000000000000fa42dc4b10b4d4a505dca5e5f3c5bd7f0d77f71f08"
780017,"000000000000000000005cb4f1026adc77c773081ee06cedf316c898a75dae5c"
780018,"000000000000000000055377600ffd11d64869bd1d648659e2c01208732a233c"
780019,"00000000000000000000c96b13cdf24a7b95c2e144d76a57cd249cbd5ec08493"
780020,"0000000000000000000266ef9c0057fa9ca62f4d1e701070e3025a217829b3c1"
